"RK",TIERS,"PLAYER NAME",TEAM,"POS","BEST","WORST","AVG.","STD.DEV","ECR VS. ADP"
"1",1,"Ja'Marr Chase",CIN,"WR1","1","2","1.7","0.4","-"
"2",1,"Saquon Barkley",PHI,"RB1","1","6","1.9","1.4","-"
"3",1,"Justin Jefferson",MIN,"WR2","3","5","3.5","0.6","-"
"4",2,"Bijan Robinson",ATL,"RB2","1","6","4.3","1.7","-"
"5",2,"CeeDee Lamb",DAL,"WR3","3","8","4.9","1.3","-"
"6",2,"Puka Nacua",LAR,"WR4","5","8","6.1","1.0","-"
"7",2,"Jahmyr Gibbs",DET,"RB3","5","8","7.1","1.2","-"
"8",2,"Amon-Ra St. Brown",DET,"WR5","5","9","7.4","1.4","-"
"9",3,"Nico Collins",HOU,"WR6","6","11","9.3","1.4","-"
"10",3,"Malik Nabers",NYG,"WR7","7","16","11.2","2.3","-"
"11",3,"Brian Thomas Jr.",JAC,"WR8","10","15","11.4","1.4","-"
"12",3,"De'Von Achane",MIA,"RB4","8","19","12.2","2.8","-"
"13",3,"Derrick Henry",BAL,"RB5","11","14","12.7","0.9","-"
"14",3,"Josh Jacobs",GB,"RB6","13","22","15.4","2.4","-"
"15",3,"A.J. Brown",PHI,"WR9","11","18","15.5","1.5","-"
"16",4,"Jonathan Taylor",IND,"RB7","10","37","17.9","7.2","-"
"17",4,"Bucky Irving",TB,"RB8","14","26","18.7","3.2","-"
"18",4,"Drake London",ATL,"WR10","18","29","21.8","2.6","-"
"19",4,"Kyren Williams",LAR,"RB9","16","33","22.5","4.5","-"
"20",4,"Brock Bowers",LV,"TE1","11","27","22.6","4.4","-"
"21",4,"Tyreek Hill",MIA,"WR11","19","31","22.9","4.3","-"
"22",4,"Tee Higgins",CIN,"WR12","19","36","23.0","4.8","-"
"23",4,"Josh Allen",BUF,"QB1","17","35","23.5","5.8","-"
"24",4,"Jaxon Smith-Njigba",SEA,"WR13","21","31","24.3","2.8","-"
"25",4,"Lamar Jackson",BAL,"QB2","17","36","25.5","5.7","-"
"26",4,"Terry McLaurin",WAS,"WR14","20","34","25.5","3.8","-"
"27",4,"Trey McBride",ARI,"TE2","22","28","26.4","1.6","-"
"28",4,"Ladd McConkey",LAC,"WR15","20","35","26.8","4.5","-"
"29",5,"Mike Evans",TB,"WR16","21","39","29.2","3.9","-"
"30",5,"Christian McCaffrey",SF,"RB10","18","45","32.9","7.0","-"
"31",5,"Jayden Daniels",WAS,"QB3","29","61","33.7","8.2","-"
"32",5,"Garrett Wilson",NYJ,"WR17","30","45","33.9","5.3","-"
"33",5,"Davante Adams",NYJ,"WR18","31","46","34.5","3.8","-"
"34",5,"Breece Hall",NYJ,"RB11","19","45","34.9","8.9","-"
"35",5,"James Cook",BUF,"RB12","22","42","35.1","6.3","-"
"36",5,"Chase Brown",CIN,"RB13","16","49","37.7","8.8","-"
"37",5,"Rashee Rice",KC,"WR19","28","63","38.1","9.1","-"
"38",5,"Jalen Hurts",PHI,"QB4","29","60","38.1","8.1","-"
"39",5,"DJ Moore",CHI,"WR20","35","50","38.9","5.1","-"
"40",6,"Zay Flowers",BAL,"WR21","35","59","42.5","6.7","-"
"41",6,"Courtland Sutton",DEN,"WR22","38","53","43.1","5.1","-"
"42",6,"Joe Mixon",HOU,"RB14","23","63","43.4","10.4","-"
"43",6,"George Pickens",PIT,"WR23","39","53","44.0","4.3","-"
"44",6,"Joe Burrow",CIN,"QB5","34","62","45.5","7.3","-"
"45",6,"DK Metcalf",SEA,"WR24","39","62","46.3","6.4","-"
"46",6,"George Kittle",SF,"TE3","38","57","46.4","4.7","-"
"47",6,"Chuba Hubbard",CAR,"RB15","39","55","48.1","4.7","-"
"48",6,"Jordan Addison",MIN,"WR25","43","59","48.6","4.6","-"
"49",6,"Kenneth Walker III",SEA,"RB16","35","55","49.3","6.0","-"
"50",6,"Marvin Harrison Jr.",ARI,"WR26","38","68","51.1","7.6","-"
"51",6,"Alvin Kamara",NO,"RB17","36","67","52.0","8.4","-"
"52",6,"Jameson Williams",DET,"WR27","44","67","52.0","6.1","-"
"53",6,"James Conner",ARI,"RB18","33","63","53.4","8.0","-"
"54",7,"Chris Olave",NO,"WR28","41","69","56.0","7.4","-"
"55",7,"Sam LaPorta",DET,"TE4","48","60","56.1","3.5","-"
"56",7,"Patrick Mahomes II",KC,"QB6","51","92","59.5","13.3","-"
"57",7,"DeVonta Smith",PHI,"WR29","54","64","59.6","2.6","-"
"58",7,"Jerry Jeudy",CLE,"WR30","43","80","59.8","10.6","-"
"59",7,"Jaylen Waddle",MIA,"WR31","50","74","60.1","4.8","-"
"60",7,"David Montgomery",DET,"RB19","46","69","61.2","8.1","-"
"61",7,"Chris Godwin",TB,"WR32","44","75","61.9","8.6","-"
"62",7,"Isiah Pacheco",KC,"RB20","49","76","62.1","6.8","-"
"63",7,"Baker Mayfield",TB,"QB7","51","91","63.3","12.7","-"
"64",7,"Tyrone Tracy Jr.",NYG,"RB21","55","71","65.7","5.5","-"
"65",7,"Tony Pollard",TEN,"RB22","62","76","68.9","3.4","-"
"66",7,"Brandon Aiyuk",SF,"WR33","62","82","69.1","6.7","-"
"67",7,"Jared Goff",DET,"QB8","58","104","69.4","15.4","-"
"68",7,"Aaron Jones Sr.",MIN,"RB23","61","76","70.3","4.0","-"
"69",7,"Jordan Love",GB,"QB9","58","113","72.8","18.0","-"
"70",7,"T.J. Hockenson",MIN,"TE5","57","81","73.3","5.8","-"
"71",8,"Calvin Ridley",TEN,"WR34","65","88","75.4","5.4","-"
"72",8,"J.K. Dobbins",LAC,"RB24","68","92","76.7","5.3","-"
"73",8,"Xavier Worthy",KC,"WR35","56","101","76.7","12.5","-"
"74",8,"Mark Andrews",BAL,"TE6","65","85","77.0","4.3","-"
"75",8,"Brian Robinson Jr.",WAS,"RB25","69","110","77.1","9.0","-"
"76",8,"Deebo Samuel Sr.",SF,"WR36","58","132","78.7","17.7","-"
"77",8,"Justin Herbert",LAC,"QB10","58","117","81.3","16.2","-"
"78",8,"Rome Odunze",CHI,"WR37","59","114","81.6","13.3","-"
"79",8,"Kyler Murray",ARI,"QB11","70","96","81.6","9.0","-"
"80",8,"Najee Harris",PIT,"RB26","75","102","83.1","7.6","-"
"81",8,"Bo Nix",DEN,"QB12","58","119","83.3","13.3","-"
"82",8,"Jonnu Smith",MIA,"TE7","69","94","84.3","5.6","-"
"83",8,"Brock Purdy",SF,"QB13","60","115","86.1","14.1","-"
"84",8,"Ashton Jeanty",FA,"RB27","15","77","43.9","20.3","-"
"85",8,"D'Andre Swift",CHI,"RB28","81","102","87.7","5.1","-"
"86",8,"Travis Kelce",KC,"TE8","63","100","87.7","11.1","-"
"87",8,"Khalil Shakir",BUF,"WR38","80","104","88.7","5.7","-"
"88",8,"Jayden Reed",GB,"WR39","80","139","89.4","13.8","-"
"89",8,"David Njoku",CLE,"TE9","70","96","89.8","7.2","-"
"90",8,"Jakobi Meyers",LV,"WR40","81","109","89.9","5.8","-"
"91",8,"Rico Dowdle",DAL,"RB29","76","128","92.9","14.1","-"
"92",8,"Anthony Richardson",IND,"QB14","70","146","93.0","20.4","-"
"93",8,"Rhamondre Stevenson",NE,"RB30","74","119","96.1","13.4","-"
"94",9,"Evan Engram",JAC,"TE10","89","110","97.8","5.5","-"
"95",9,"Tank Bigsby",JAC,"RB31","88","117","98.2","7.6","-"
"96",9,"Tucker Kraft",GB,"TE11","90","110","100.1","4.0","-"
"97",9,"Cooper Kupp",LAR,"WR41","72","133","101.9","17.4","-"
"98",9,"Jalen McMillan",TB,"WR42","84","114","102.0","6.7","-"
"99",9,"Stefon Diggs",HOU,"WR43","93","115","102.1","5.5","-"
"100",9,"Travis Etienne Jr.",JAC,"RB32","97","117","102.4","7.1","-"
"101",9,"Tua Tagovailoa",MIA,"QB15","72","118","104.7","10.8","-"
"102",9,"Caleb Williams",CHI,"QB16","82","146","104.8","19.3","-"
"103",9,"Josh Downs",IND,"WR44","87","114","104.9","7.8","-"
"104",9,"Jaylen Warren",PIT,"RB33","88","134","105.1","11.0","-"
"105",9,"Keenan Allen",CHI,"WR45","98","126","107.0","7.1","-"
"106",9,"Amari Cooper",BUF,"WR46","95","163","110.1","15.0","-"
"107",9,"Dak Prescott",DAL,"QB17","82","149","111.7","14.7","-"
"108",9,"Dalton Kincaid",BUF,"TE12","85","160","111.9","18.0","-"
"109",9,"Michael Pittman Jr.",IND,"WR47","94","136","112.3","10.6","-"
"110",9,"C.J. Stroud",HOU,"QB18","82","170","112.6","23.4","-"
"111",9,"Darnell Mooney",ATL,"WR48","97","139","113.4","9.3","-"
"112",9,"Rachaad White",TB,"RB34","86","140","114.9","11.8","-"
"113",9,"Dallas Goedert",PHI,"TE13","97","144","116.5","11.5","-"
"114",9,"Zach Charbonnet",SEA,"RB35","90","143","119.9","13.3","-"
"115",9,"Tyjae Spears",TEN,"RB36","114","142","120.3","7.4","-"
"116",9,"Keon Coleman",BUF,"WR49","105","161","121.1","11.9","-"
"117",9,"Jake Ferguson",DAL,"TE14","105","172","123.6","20.0","-"
"118",9,"Nick Chubb",CLE,"RB37","77","156","123.9","16.3","-"
"119",10,"Sam Darnold",MIN,"QB19","107","191","127.1","25.1","-"
"120",10,"Jauan Jennings",SF,"WR50","89","164","127.3","19.5","-"
"121",10,"Trevor Lawrence",JAC,"QB20","112","158","128.3","11.3","-"
"122",10,"Quentin Johnston",LAC,"WR51","118","168","128.7","12.4","-"
"123",10,"Drake Maye",NE,"QB21","83","171","113.4","25.1","-"
"124",10,"Rashid Shaheed",NO,"WR52","102","147","130.8","10.2","-"
"125",10,"Austin Ekeler",WAS,"RB38","118","161","133.9","13.4","-"
"126",10,"Ricky Pearsall",SF,"WR53","108","164","135.6","13.7","-"
"127",10,"DeAndre Hopkins",KC,"WR54","120","195","137.4","18.3","-"
"128",10,"Kyle Pitts",ATL,"TE15","110","199","140.1","24.9","-"
"129",10,"Matthew Stafford",LAR,"QB22","128","175","140.3","14.9","-"
"130",10,"Hunter Henry",NE,"TE16","111","161","140.5","13.6","-"
"131",10,"Christian Kirk",JAC,"WR55","123","164","143.3","14.0","-"
"132",10,"Javonte Williams",DEN,"RB39","110","154","129.2","14.8","-"
"133",10,"Bryce Young",CAR,"QB23","132","198","145.6","21.0","-"
"134",10,"Romeo Doubs",GB,"WR56","127","167","147.9","12.4","-"
"135",10,"Pat Freiermuth",PIT,"TE17","123","225","148.7","24.3","-"
"136",10,"Blake Corum",LAR,"RB40","124","151","134.3","9.3","-"
"137",10,"Tyler Allgeier",ATL,"RB41","129","174","139.2","12.0","-"
"138",10,"Michael Penix Jr.",ATL,"QB24","118","177","140.4","15.2","-"
"139",10,"Tetairoa McMillan",FA,"WR57","72","250","124.1","47.8","-"
"140",10,"Ray Davis",BUF,"RB42","128","152","141.8","6.4","-"
"141",10,"Jerome Ford",CLE,"RB43","123","175","143.3","16.4","-"
"142",10,"Jaleel McLaughlin",DEN,"RB44","113","161","145.1","15.0","-"
"143",10,"Adam Thielen",CAR,"WR58","119","203","159.9","23.6","-"
"144",10,"Geno Smith",SEA,"QB25","146","213","160.3","20.1","-"
"145",10,"Cole Kmet",CHI,"TE18","132","234","160.4","25.9","-"
"146",10,"Rashod Bateman",BAL,"WR59","121","163","147.1","12.7","-"
"147",10,"Jordan Mason",SF,"RB45","126","191","147.6","17.4","-"
"148",10,"Omarion Hampton",FA,"RB46","77","224","131.8","35.6","-"
"149",10,"Braelon Allen",NYJ,"RB47","136","161","149.1","7.6","-"
"150",10,"Marquise Brown",KC,"WR60","101","175","149.2","25.2","-"
"151",11,"TreVeyon Henderson",FA,"RB48","79","226","135.5","35.7","-"
"152",11,"Jaylen Wright",MIA,"RB49","130","186","153.0","12.4","-"
"153",11,"Marvin Mims Jr.",DEN,"WR61","135","165","154.1","11.1","-"
"154",11,"Trey Benson",ARI,"RB50","124","179","154.7","15.9","-"
"155",11,"Cedric Tillman",CLE,"WR62","115","208","155.6","22.2","-"
"156",11,"Zach Ertz",WAS,"TE19","126","225","169.9","27.9","-"
"157",11,"Quinshon Judkins",FA,"RB51","77","232","140.2","38.6","-"
"158",11,"Cade Otton",TB,"TE20","143","209","170.6","21.3","-"
"159",11,"Diontae Johnson",FA,"WR63","141","214","159.1","18.0","-"
"160",11,"Tyler Warren",FA,"TE21","97","203","149.4","37.1","-"
"161",11,"Audric Estime",DEN,"RB52","144","227","168.9","20.7","-"
"162",11,"Luther Burden III",FA,"WR64","82","254","154.5","38.0","-"
"163",11,"Emeka Egbuka",FA,"WR65","112","252","156.7","33.3","-"
"164",11,"Dalton Schultz",HOU,"TE22","157","227","185.7","19.9","-"
"165",11,"Cam Ward",FA,"QB26","112","272","160.1","36.5","-"
"166",11,"Isaac Guerendo",SF,"RB53","156","168","160.2","3.4","-"
"167",11,"Shedeur Sanders",FA,"QB27","133","251","162.9","27.3","-"
"168",11,"MarShawn Lloyd",GB,"RB54","149","205","179.9","15.7","-"
"169",11,"Denver Broncos",DEN,"DST1","150","330","167.7","47.8","-"
"170",11,"Xavier Legette",CAR,"WR66","164","219","184.7","15.3","-"
"171",11,"Adonai Mitchell",IND,"WR67","164","183","171.9","4.6","-"
"172",11,"Alec Pierce",IND,"WR68","162","199","185.9","10.9","-"
"173",11,"Taysom Hill",NO,"TE23","111","258","198.1","39.0","-"
"174",11,"Isaiah Likely",BAL,"TE24","140","245","198.2","28.5","-"
"175",11,"Roschon Johnson",CHI,"RB55","142","231","188.8","25.2","-"
"176",11,"DeMario Douglas",NE,"WR69","167","220","191.4","13.2","-"
"177",11,"Colston Loveland",FA,"TE25","111","228","179.5","38.6","-"
"178",11,"Sincere McCormick",LV,"RB56","162","242","179.6","18.9","-"
"179",11,"Pittsburgh Steelers",PIT,"DST2","160","327","181.0","43.0","-"
"180",11,"Philadelphia Eagles",PHI,"DST3","160","333","181.3","44.1","-"
"181",12,"Michael Wilson",ARI,"WR70","169","233","184.7","16.8","-"
"182",12,"Kimani Vidal",LAC,"RB57","147","240","197.7","25.6","-"
"183",12,"Baltimore Ravens",BAL,"DST4","160","335","185.4","44.4","-"
"184",12,"Kayshon Boutte",NE,"WR71","166","218","198.2","11.7","-"
"185",12,"Chig Okonkwo",TEN,"TE26","147","228","209.5","22.2","-"
"186",12,"Kansas City Chiefs",KC,"DST5","170","328","186.0","41.4","-"
"187",12,"Derek Carr",NO,"QB28","176","241","201.0","28.1","-"
"188",12,"Dontayvion Wicks",GB,"WR72","153","222","203.0","18.7","-"
"189",12,"Andrei Iosivas",CIN,"WR73","194","235","203.4","12.5","-"
"190",12,"Isaiah Bond",FA,"WR74","167","257","194.1","27.2","-"
"191",12,"Los Angeles Chargers",LAC,"DST6","170","345","195.8","43.3","-"
"192",12,"Jalen Coker",CAR,"WR75","169","219","196.5","12.9","-"
"193",12,"New York Jets",NYJ,"DST7","171","344","196.6","43.3","-"
"194",12,"Antonio Gibson",NE,"RB58","188","232","210.4","17.6","-"
"195",12,"Detroit Lions",DET,"DST8","177","331","198.8","38.7","-"
"196",12,"Buffalo Bills",BUF,"DST9","182","329","201.9","38.0","-"
"197",12,"Russell Wilson",PIT,"QB29","178","215","202.2","15.3","-"
"198",12,"Ja'Tavion Sanders",CAR,"TE27","172","255","224.5","20.5","-"
"199",12,"Gus Edwards",LAC,"RB59","176","269","219.6","21.8","-"
"200",12,"Tre Harris",FA,"WR76","177","264","208.5","25.8","-"
"201",12,"Minnesota Vikings",MIN,"DST10","171","332","197.3","40.9","-"
"202",12,"Seattle Seahawks",SEA,"DST11","184","336","211.9","44.4","-"
"203",12,"Noah Fant",SEA,"TE28","204","253","232.4","13.3","-"
"204",12,"Wan'Dale Robinson",NYG,"WR77","187","236","213.3","13.5","-"
"205",12,"Kenneth Gainwell",PHI,"RB60","184","246","224.4","17.4","-"
"206",12,"J.J. McCarthy",MIN,"QB30","137","254","225.1","39.2","-"
"207",12,"Brandon Aubrey",DAL,"K1","184","347","202.1","44.0","-"
"208",12,"Travis Hunter",FA,"WR78","175","262","215.8","20.2","-"
"209",12,"Jake Bates",DET,"K2","186","361","206.3","46.7","-"
"210",12,"Noah Gray",KC,"TE29","205","258","238.9","13.8","-"
"211",12,"Brandin Cooks",DAL,"WR79","207","238","220.1","10.4","-"
"212",12,"Mike Gesicki",CIN,"TE30","190","255","240.0","18.4","-"
"213",12,"Justin Tucker",BAL,"K3","186","348","208.9","42.7","-"
"214",12,"Aaron Rodgers",NYJ,"QB31","178","275","231.4","25.4","-"
"215",12,"Cameron Dicker",LAC,"K4","190","351","211.1","42.5","-"
"216",12,"Kendre Miller",NO,"RB61","207","242","223.5","10.8","-"
"217",12,"Cam Skattebo",FA,"RB62","174","241","212.2","23.6","-"
"218",12,"Chris Boswell",PIT,"K5","191","355","212.7","43.5","-"
"219",12,"Wil Lutz",DEN,"K6","192","359","214.8","43.8","-"
"220",13,"Houston Texans",HOU,"DST12","185","339","216.0","38.9","-"
"221",13,"Elijah Moore",CLE,"WR80","202","247","227.6","13.8","-"
"222",13,"Devaughn Vele",DEN,"WR81","215","243","227.9","8.5","-"
"223",13,"Nicholas Singleton",FA,"RB63","121","227","187.1","32.9","-"
"224",13,"Ka'imi Fairbairn",HOU,"K7","189","350","217.1","40.9","-"
"225",13,"Tim Patrick",DET,"WR82","211","260","229.5","14.1","-"
"226",13,"Evan Stewart",FA,"WR83","176","297","218.4","33.2","-"
"227",13,"Trevor Etienne",FA,"RB64","217","284","231.0","18.9","-"
"228",13,"Joshua Palmer",LAC,"WR84","219","268","241.2","11.4","-"
"229",13,"Jason Sanders",MIA,"K8","203","356","222.8","40.4","-"
"230",13,"Cleveland Browns",CLE,"DST13","189","341","223.7","48.1","-"
"231",13,"Kyle Monangai",FA,"RB65","180","254","224.5","18.6","-"
"232",13,"Green Bay Packers",GB,"DST14","190","334","225.3","36.2","-"
"233",13,"Malik Washington",MIA,"WR85","217","262","236.3","12.3","-"
"234",13,"Tyler Bass",BUF,"K9","204","352","225.7","38.2","-"
"235",13,"Chase McLaughlin",TB,"K10","200","357","226.9","40.6","-"
"236",13,"Devin Singletary",NYG,"RB66","209","257","239.5","13.0","-"
"237",13,"Cam Akers",MIN,"RB67","157","271","239.9","26.9","-"
"238",13,"Justice Hill",BAL,"RB68","159","288","250.2","37.3","-"
"239",13,"Tampa Bay Buccaneers",TB,"DST15","200","245","221.6","14.8","-"
"240",13,"Nick Westbrook-Ikhine",TEN,"WR86","222","291","244.5","16.7","-"
"241",13,"Harold Fannin Jr.",FA,"TE31","179","255","234.7","31.7","-"
"242",13,"Los Angeles Rams",LAR,"DST16","204","340","235.2","37.0","-"
"243",13,"Alexander Mattison",LV,"RB69","233","261","246.3","6.5","-"
"244",13,"Harrison Butker",KC,"K11","222","349","238.0","33.8","-"
"245",13,"Christian Watson",GB,"WR87","222","293","248.1","25.8","-"
"246",13,"Xavier Restrepo",FA,"WR88","204","266","238.6","27.4","-"
"247",13,"Ollie Gordon II",FA,"RB70","227","288","248.3","18.6","-"
"248",13,"Will Dissly",LAC,"TE32","210","264","252.5","15.4","-"
"249",13,"Roman Wilson",PIT,"WR89","234","267","253.2","11.2","-"
"250",13,"Miles Sanders",CAR,"RB71","234","283","245.1","13.3","-"
"251",13,"Devin Neal",FA,"RB72","215","297","245.2","22.9","-"
"252",13,"Kareem Hunt",KC,"RB73","177","274","255.0","23.9","-"
"253",13,"Elic Ayomanor",FA,"WR90","198","270","246.6","24.7","-"
"254",13,"Evan McPherson",CIN,"K12","216","353","236.7","37.2","-"
"255",13,"Zack Moss",CIN,"RB74","175","277","257.7","29.4","-"
"256",13,"Kyren Lacy",FA,"WR91","223","267","249.3","17.3","-"
"257",13,"Gabe Davis",JAC,"WR92","227","265","250.2","12.8","-"
"258",13,"Oronde Gadsden II",FA,"TE33","236","260","251.6","9.2","-"
"259",13,"Tank Dell",HOU,"WR93","125","342","251.8","60.0","-"
"260",13,"San Francisco 49ers",SF,"DST17","209","337","252.8","32.1","-"
"261",13,"Calvin Austin III",PIT,"WR94","246","296","261.7","11.3","-"
"262",13,"Tyler Lockett",SEA,"WR95","233","294","269.1","14.9","-"
"263",13,"Jalen Tolbert",DAL,"WR96","231","268","253.3","12.0","-"
"264",13,"Darius Slayton",NYG,"WR97","252","273","265.6","4.8","-"
"265",13,"Khalil Herbert",CIN,"RB75","193","301","273.0","31.0","-"
"266",13,"Juwan Johnson",NO,"TE34","173","287","248.6","33.2","-"
"267",13,"Donovan Edwards",FA,"RB76","243","381","268.7","33.0","-"
"268",13,"Mike Williams",PIT,"WR98","261","289","269.8","6.0","-"
"269",13,"Tez Johnson",FA,"WR99","229","288","262.2","20.1","-"
"270",13,"Elijah Mitchell",SF,"RB77","203","305","277.1","23.1","-"
"271",14,"Jake Elliott",PHI,"K13","239","360","254.0","33.9","-"
"272",14,"Dallas Cowboys",DAL,"DST18","205","342","264.8","34.3","-"
"273",14,"Raheem Mostert",MIA,"RB78","165","308","279.4","34.5","-"
"274",14,"Dameon Pierce",HOU,"RB79","201","311","280.1","30.1","-"
"275",14,"Jermaine Burton",CIN,"WR100","229","297","274.7","15.8","-"
"276",14,"Will Levis",TEN,"QB32","262","303","281.2","9.9","-"
"277",14,"Theo Johnson",NYG,"TE35","207","273","264.4","18.6","-"
"278",14,"Ty Chandler",MIN,"RB80","259","292","280.7","8.4","-"
"279",14,"Parker Washington",JAC,"WR101","197","300","280.9","24.6","-"
"280",14,"Younghoe Koo",ATL,"K14","249","358","266.1","31.0","-"
"281",14,"Jalen Nailor",MIN,"WR102","198","302","282.0","24.6","-"
"282",14,"John Metchie III",HOU,"WR103","246","309","282.1","13.4","-"
"283",14,"Keaton Mitchell",BAL,"RB81","268","306","278.4","9.6","-"
"284",14,"Ameer Abdullah",LV,"RB82","267","299","279.3","7.4","-"
"285",14,"Raheim Sanders",FA,"RB83","257","353","280.3","25.5","-"
"286",14,"Tre Tucker",LV,"WR104","284","309","290.0","6.8","-"
"287",14,"Tory Horton",FA,"WR105","269","325","283.9","15.8","-"
"288",14,"Jalen Royals",FA,"WR106","269","294","286.3","9.4","-"
"289",14,"Luke McCaffrey",WAS,"WR107","288","307","293.7","4.8","-"
"290",14,"Chris Brooks",GB,"RB84","248","316","295.9","15.7","-"
"291",14,"Justin Fields",PIT,"QB33","185","307","283.6","36.8","-"
"292",14,"RJ Harvey",FA,"RB85","256","301","290.8","12.4","-"
"293",14,"Daniel Jones",MIN,"QB34","265","340","285.4","18.3","-"
"294",14,"Isaiah Davis",NYJ,"RB86","238","317","300.3","18.5","-"
"295",14,"Ty Johnson",BUF,"RB87","254","322","300.7","14.6","-"
"296",14,"Zamir White",LV,"RB88","281","321","300.9","9.1","-"
"297",14,"Eddy Pineiro",CAR,"K15","239","354","261.4","35.2","-"
"298",14,"Kaleb Johnson",FA,"RB89","129","309","262.4","69.8","-"
"299",14,"Theo Wease",FA,"WR108","278","338","296.8","13.7","-"
"300",14,"Joshua Karty",LAR,"K16","239","363","263.0","38.0","-"
"301",14,"Chris Rodriguez Jr.",WAS,"RB90","276","313","297.0","7.8","-"
"302",14,"Antwane Wells Jr.",FA,"WR109","276","335","297.3","14.7","-"
"303",14,"Tahj Brooks",FA,"RB91","278","331","305.7","11.8","-"
"304",14,"Tyler Conklin",NYJ,"TE36","205","290","246.8","30.7","-"
"305",14,"Trey Sermon",IND,"RB92","298","324","307.5","5.6","-"
"306",14,"Jaydn Ott",FA,"RB93","294","305","302.6","3.3","-"
"307",14,"Will Shipley",PHI,"RB94","255","337","308.3","17.6","-"
"308",14,"Jonathon Brooks",CAR,"RB95","224","377","302.9","36.7","-"
"309",14,"Aidan O'Connell",LV,"QB35","289","315","302.9","7.8","-"
"310",14,"Matt Prater",ARI,"K17","252","281","276.9","10.2","-"
"311",15,"Miami Dolphins",MIA,"DST19","279","346","294.3","23.5","-"
"312",15,"Ja'Quinden Jackson",FA,"RB96","307","315","310.7","1.9","-"
"313",15,"Sean Tucker",TB,"RB97","239","358","311.9","27.5","-"
"314",15,"Ben Sinnott",WAS,"TE37","209","301","264.2","30.1","-"
"315",15,"Phil Mafah",FA,"RB98","308","313","310.9","1.9","-"
"316",15,"Michael Mayer",LV,"TE38","216","330","269.0","36.6","-"
"317",15,"Demarcus Robinson",LAR,"WR110","295","312","298.4","5.7","-"
"318",15,"Dawson Knox",BUF,"TE39","103","321","253.3","87.7","-"
"319",15,"Kirk Cousins",ATL,"QB36","273","318","291.0","14.7","-"
"320",15,"Matt Gay",IND,"K18","251","314","293.0","29.7","-"
"321",15,"Deion Burks",FA,"WR111","283","298","293.7","5.5","-"
"322",15,"Deshaun Watson",CLE,"QB37","254","306","281.8","19.0","-"
"323",15,"D'Ernest Johnson",JAC,"RB99","312","354","319.7","12.3","-"
"324",15,"Tyler Higbee",LAR,"TE40","130","348","236.0","89.1","-"
"325",15,"Dyami Brown",WAS,"WR112","179","307","236.7","53.0","-"
"326",15,"Troy Franklin",DEN,"WR113","187","310","236.7","52.9","-"
"327",15,"Luke Lachey",FA,"TE41","263","299","277.0","13.3","-"
"328",15,"Chicago Bears",CHI,"DST20","279","338","315.3","16.3","-"
"329",15,"Ray-Ray McCloud III",ATL,"WR114","188","359","253.0","75.6","-"
"330",15,"Ezekiel Elliott",FA,"RB100","293","316","309.5","9.4","-"
"331",15,"Kalel Mullings",FA,"RB101","279","326","310.8","14.8","-"
"332",15,"Matthew Golden",FA,"WR115","174","311","257.0","59.6","-"
"333",15,"Emanuel Wilson",GB,"RB102","311","355","319.0","14.8","-"
"334",15,"Ja'Lynn Polk",NE,"WR116","214","319","260.0","43.8","-"
"335",15,"Chris Tyree",FA,"RB103","310","317","314.3","2.1","-"
"336",15,"Jason Myers",SEA,"K19","252","362","304.6","36.9","-"
"337",15,"Jalen Milroe",FA,"QB38","248","329","290.0","30.2","-"
"338",15,"Savion Williams",FA,"WR117","234","285","267.0","23.4","-"
"339",15,"Jordan Whittington",LAR,"WR118","183","323","269.7","61.8","-"
"340",15,"Olamide Zaccheaus",WAS,"WR119","182","372","274.7","77.6","-"
"341",15,"Devontez Walker",BAL,"WR120","228","367","278.7","62.7","-"
"342",15,"Damien Martinez",FA,"RB104","215","257","236.0","21.0","-"
"343",15,"Blake Grupe",NO,"K20","252","327","286.7","30.9","-"
"344",15,"DJ Giddens",FA,"RB105","216","284","250.0","34.0","-"
"345",15,"Xavier Hutchinson",HOU,"WR121","204","352","289.7","62.6","-"
"346",15,"Atlanta Falcons",ATL,"DST21","277","317","291.0","18.4","-"
"347",15,"Bub Means",NO,"WR122","200","314","257.0","57.0","-"
"348",15,"Julian Fleming",FA,"WR123","284","298","293.3","6.6","-"
"349",15,"Javon Baker",NE,"WR124","218","368","299.3","61.9","-"
"350",15,"Daniel Carlson",LV,"K21","278","314","302.0","17.0","-"
"351",15,"Jameis Winston",CLE,"QB39","271","357","302.3","38.8","-"
"352",15,"Noah Brown",WAS,"WR125","186","362","274.0","88.0","-"
"353",15,"Quinn Ewers",FA,"QB40","276","287","281.5","5.5","-"
"354",15,"Clyde Edwards-Helaire",FA,"RB106","222","371","296.5","74.5","-"
"355",15,"Darnell Washington",PIT,"TE42","269","322","295.5","26.5","-"
"356",16,"Mason Taylor",FA,"TE43","279","323","301.0","22.0","-"
"357",16,"Kendrick Bourne",NE,"WR126","244","366","305.0","61.0","-"
"358",16,"Arizona Cardinals",ARI,"DST22","318","347","327.7","13.7","-"
"359",16,"Stone Smartt",LAC,"TE44","295","324","309.5","14.5","-"
"360",16,"Graham Gano",NYG,"K22","312","313","312.5","0.5","-"
"361",16,"Samaje Perine",KC,"RB107","262","375","318.5","56.5","-"
"362",16,"Jaxson Dart",FA,"QB41","281","350","315.5","34.5","-"
"363",16,"Tyler Boyd",TEN,"WR127","269","373","321.0","52.0","-"
"364",16,"Jalin Hyatt",NYG,"WR128","298","384","341.0","43.0","-"
"365",16,"Sterling Shepard",TB,"WR129","305","360","332.5","27.5","-"
"366",16,"Colby Parkinson",LAR,"TE45","325","383","354.0","29.0","-"